_ID,12235
Time,Centre position X,Centre position Y,In platform,In nw quad,In ne quad,In sw quad,In se quad,In perimeter
00:00.0,,,0,0,1,0,0,0
00:00.1,1333.8,587.3,0,0,1,0,0,0
00:00.1,1333.8,584.6,0,0,1,0,0,0
00:00.2,1331.1,584.6,0,0,1,0,0,0
00:00.3,1328.3,584.6,0,0,1,0,0,0
00:00.3,1328.3,584.6,0,0,1,0,0,0
00:00.4,1328.3,584.6,0,0,1,0,0,0
00:00.5,1328.3,584.6,0,0,1,0,0,0
00:00.5,1328.3,584.6,0,0,1,0,0,0
00:00.6,1328.3,584.6,0,0,1,0,0,0
00:00.7,1328.3,584.6,0,0,1,0,0,0
00:00.7,1328.3,584.6,0,0,1,0,0,0
00:00.8,1328.3,581.8,0,0,1,0,0,0
00:00.9,1328.3,581.8,0,0,1,0,0,0
00:00.9,1325.6,581.8,0,0,1,0,0,0
00:01.0,1325.6,581.8,0,0,1,0,0,0
00:01.1,1328.3,581.8,0,0,1,0,0,0
00:01.1,1328.3,581.8,0,0,1,0,0,0
00:01.2,1325.6,581.8,0,0,1,0,0,0
00:01.3,1325.6,581.8,0,0,1,0,0,0
00:01.3,1328.3,581.8,0,0,1,0,0,0
00:01.4,1325.6,581.8,0,0,1,0,0,0
00:01.5,1325.6,581.8,0,0,1,0,0,0
00:01.5,1328.3,581.8,0,0,1,0,0,0
00:01.6,1328.3,581.8,0,0,1,0,0,0
00:01.7,1328.3,581.8,0,0,1,0,0,0
00:01.7,1331.1,584.6,0,0,1,0,0,0
00:01.8,1333.8,587.3,0,0,1,0,0,0
00:01.9,1336.6,590.1,0,0,1,0,0,0
00:01.9,1339.3,592.8,0,0,1,0,0,0
00:02.0,1342.1,595.6,0,0,1,0,0,0
00:02.1,1344.8,601,0,0,1,0,0,0
00:02.1,1350.3,606.5,0,0,1,0,0,0
00:02.2,1353,609.3,0,0,1,0,0,0
00:02.3,1353,612,0,0,1,0,0,0
00:02.3,1353,612,0,0,1,0,0,0
00:02.4,1350.3,609.3,0,0,1,0,0,0
00:02.5,1350.3,612,0,0,1,0,0,0
00:02.5,1347.5,614.8,0,0,1,0,0,0
00:02.6,1347.5,614.8,0,0,1,0,0,0
00:02.7,1347.5,617.5,0,0,1,0,0,0
00:02.7,1347.5,617.5,0,0,1,0,0,0
00:02.8,1347.5,617.5,0,0,1,0,0,0
00:02.9,1347.5,617.5,0,0,1,0,0,0
00:02.9,1347.5,620.3,0,0,1,0,0,0
00:03.0,1342.1,617.5,0,0,1,0,0,0
00:03.1,1339.3,617.5,0,0,1,0,0,0
00:03.1,1339.3,617.5,0,0,1,0,0,0
00:03.2,1336.6,617.5,0,0,1,0,0,0
00:03.3,1336.6,617.5,0,0,1,0,0,0
00:03.3,1333.8,617.5,0,0,1,0,0,0
00:03.4,1333.8,617.5,0,0,1,0,0,0
00:03.5,1331.1,617.5,0,0,1,0,0,0
00:03.5,1331.1,617.5,0,0,1,0,0,0
00:03.6,1331.1,617.5,0,0,1,0,0,0
00:03.7,1328.3,617.5,0,0,1,0,0,0
00:03.7,1328.3,617.5,0,0,1,0,0,0
00:03.8,1325.6,617.5,0,0,1,0,0,0
00:03.9,1325.6,617.5,0,0,1,0,0,0
00:03.9,1325.6,617.5,0,0,1,0,0,0
00:04.0,1322.8,617.5,0,0,1,0,0,0
00:04.1,1322.8,617.5,0,0,1,0,0,0
00:04.1,1322.8,617.5,0,0,1,0,0,0
00:04.2,1320.1,617.5,0,0,1,0,0,0
00:04.3,1320.1,617.5,0,0,1,0,0,0
00:04.3,1317.4,617.5,0,0,1,0,0,0
00:04.4,1317.4,617.5,0,0,1,0,0,0
00:04.5,1317.4,617.5,0,0,1,0,0,0
00:04.5,1314.6,620.3,0,0,1,0,0,0
00:04.6,1314.6,625.7,0,0,1,0,0,0
00:04.7,1314.6,628.5,0,0,1,0,0,0
00:04.7,1314.6,636.7,0,0,1,0,0,0
00:04.8,1314.6,645,0,0,1,0,0,0
00:04.9,1314.6,658.7,0,0,1,0,0,0
00:04.9,1314.6,666.9,0,0,1,0,0,0
00:05.0,1314.6,680.6,0,0,1,0,0,0
00:05.1,1314.6,697.1,0,0,1,0,0,0
00:05.1,1314.6,713.6,0,0,1,0,0,0
00:05.2,1314.6,727.3,0,0,1,0,0,0
00:05.3,1314.6,746.5,0,0,1,0,0,0
00:05.3,1311.9,760.2,0,0,1,0,0,0
00:05.4,1309.1,776.7,0,0,1,0,0,0
00:05.5,1306.4,787.7,0,0,1,0,0,0
00:05.5,1303.6,793.2,0,0,1,0,0,0
00:05.6,1298.1,801.4,0,0,1,0,0,0
00:05.7,1292.6,806.9,0,0,1,0,0,0
00:05.7,1289.9,812.4,0,0,1,0,0,0
00:05.8,1284.4,820.6,0,0,1,0,0,0
00:05.9,1278.9,826.1,0,0,1,0,0,0
00:05.9,1273.4,828.8,0,0,1,0,0,0
00:06.0,1270.7,831.6,0,0,1,0,0,0
00:06.1,1265.2,837.1,0,0,1,0,0,0
00:06.1,1259.7,839.8,0,0,1,0,0,0
00:06.2,1257,845.3,0,0,1,0,0,0
00:06.3,1251.5,848,0,0,1,0,0,0
00:06.3,1246,856.3,0,0,1,0,0,0
00:06.4,1240.5,861.8,0,0,1,0,0,0
00:06.5,1235,867.3,0,0,1,0,0,0
00:06.5,1226.8,872.7,0,0,1,0,0,0
00:06.6,1218.5,878.2,0,0,1,0,0,0
00:06.7,1213.1,881,0,0,1,0,0,0
00:06.7,1207.6,883.7,0,0,1,0,0,0
00:06.8,1202.1,886.5,0,0,1,0,0,0
00:06.9,1202.1,889.2,0,0,1,0,0,0
00:06.9,1196.6,889.2,0,0,1,0,0,0
00:07.0,1193.8,889.2,0,0,1,0,0,0
00:07.1,1188.4,892,0,0,1,0,0,0
00:07.1,1185.6,892,0,0,1,0,0,0
00:07.2,1182.9,892,0,0,1,0,0,0
00:07.3,1177.4,894.7,0,0,1,0,0,0
00:07.3,1174.6,897.4,0,0,1,0,0,0
00:07.4,1171.9,897.4,0,0,1,0,0,0
00:07.5,1166.4,900.2,0,0,1,0,0,0
00:07.5,1163.7,902.9,0,0,1,0,0,0
00:07.6,1158.2,908.4,0,0,1,0,0,0
00:07.7,1155.4,911.2,0,0,1,0,0,0
00:07.7,1152.7,913.9,0,0,1,0,0,0
00:07.8,1147.2,916.7,0,0,1,0,0,0
00:07.9,1144.4,916.7,0,0,1,0,0,0
00:07.9,1141.7,919.4,0,0,1,0,0,0
00:08.0,1136.2,922.1,0,0,1,0,0,0
00:08.1,1133.5,922.1,0,0,1,0,0,0
00:08.1,1128,924.9,0,0,1,0,0,0
00:08.2,1128,924.9,0,0,1,0,0,0
00:08.3,1125.2,924.9,0,0,1,0,0,0
00:08.3,1119.7,924.9,0,0,1,0,0,0
00:08.4,1117,927.6,0,0,1,0,0,0
00:08.5,1114.3,930.4,0,0,1,0,0,0
00:08.5,1114.3,933.1,0,0,1,0,0,0
00:08.6,1108.8,935.9,0,0,1,0,0,0
00:08.7,1103.3,938.6,0,0,1,0,0,0
00:08.7,1097.8,938.6,0,0,1,0,0,0
00:08.8,1089.6,941.4,0,0,1,0,0,0
00:08.9,1086.8,944.1,0,0,1,0,0,0
00:08.9,1081.3,946.8,0,0,1,0,0,0
00:09.0,1073.1,946.8,0,0,1,0,0,0
00:09.1,1070.3,949.6,0,0,1,0,0,0
00:09.1,1067.6,946.8,0,0,1,0,0,0
00:09.2,1062.1,949.6,0,0,1,0,0,0
00:09.3,1059.4,949.6,0,0,1,0,0,0
00:09.3,1053.9,949.6,0,0,1,0,0,0
00:09.4,1051.1,946.8,0,0,1,0,0,0
00:09.5,1045.6,946.8,0,0,1,0,0,0
00:09.5,1042.9,946.8,0,0,1,0,0,0
00:09.6,1037.4,946.8,0,0,1,0,0,0
00:09.7,1034.7,946.8,0,0,1,0,0,0
00:09.7,1031.9,946.8,0,0,1,0,0,0
00:09.8,1029.2,946.8,0,0,1,0,0,0
00:09.9,1026.4,946.8,0,0,1,0,0,0
00:09.9,1026.4,946.8,0,0,1,0,0,0
00:10.0,1026.4,946.8,0,0,1,0,0,0
00:10.1,1020.9,949.6,0,0,1,0,0,0
00:10.1,1018.2,949.6,0,0,1,0,0,0
00:10.2,1012.7,952.3,0,0,1,0,0,0
00:10.3,1010,952.3,0,0,1,0,0,0
00:10.3,1004.5,955.1,0,0,1,0,0,0
00:10.4,1001.7,955.1,0,0,1,0,0,0
00:10.5,999,952.3,0,0,1,0,0,0
00:10.5,996.2,952.3,0,0,1,0,0,0
00:10.6,993.5,952.3,0,0,1,0,0,0
00:10.7,988,952.3,0,0,1,0,0,0
00:10.7,985.3,952.3,0,0,1,0,0,0
00:10.8,985.3,952.3,0,0,1,0,0,0
00:10.9,979.8,952.3,0,0,0,0,1,0
00:10.9,977,955.1,0,0,0,0,1,0
00:11.0,974.3,955.1,0,0,0,0,1,0
00:11.0,966.1,955.1,0,0,0,0,1,0
00:11.1,960.6,955.1,0,0,0,0,1,0
00:11.2,957.8,957.8,0,0,0,0,1,0
00:11.2,955.1,955.1,0,0,0,0,1,0
00:11.3,952.3,952.3,0,0,0,0,1,0
00:11.4,949.6,952.3,0,0,0,0,1,0
00:11.4,949.6,949.6,0,0,0,0,1,0
00:11.5,946.8,946.8,0,0,0,0,1,0
00:11.6,944.1,946.8,0,0,0,0,1,0
00:11.6,941.4,946.8,0,0,0,0,1,0
00:11.7,938.6,944.1,0,0,0,0,1,0
00:11.8,935.9,944.1,0,0,0,0,1,0
00:11.8,930.4,941.4,0,0,0,0,1,0
00:11.9,924.9,941.4,0,0,0,0,1,0
00:12.0,919.4,941.4,0,0,0,0,1,0
00:12.0,913.9,941.4,0,0,0,0,1,0
00:12.1,911.2,941.4,0,0,0,0,1,0
00:12.2,902.9,941.4,0,0,0,0,1,0
00:12.2,900.2,941.4,0,0,0,0,1,0
00:12.3,892,941.4,0,0,0,0,1,0
00:12.4,886.5,941.4,0,0,0,0,1,0
00:12.4,881,938.6,0,0,0,0,1,0
00:12.5,875.5,941.4,0,0,0,0,1,0
00:12.6,872.7,938.6,0,0,0,0,1,0
00:12.6,870,935.9,0,0,0,0,1,0
00:12.7,870,933.1,0,0,0,0,1,0
00:12.8,870,930.4,0,0,0,0,1,0
00:12.8,870,930.4,0,0,0,0,1,0
00:12.9,867.3,927.6,0,0,0,0,1,0
00:13.0,867.3,927.6,0,0,0,0,1,0
00:13.0,864.5,924.9,0,0,0,0,1,0
00:13.1,861.8,924.9,0,0,0,0,1,0
00:13.2,859,924.9,0,0,0,0,1,0
00:13.2,856.3,922.1,0,0,0,0,1,0
00:13.3,856.3,922.1,0,0,0,0,1,0
00:13.4,856.3,922.1,0,0,0,0,1,0
00:13.4,850.8,919.4,0,0,0,0,1,0
00:13.5,848,916.7,0,0,0,0,1,0
00:13.6,845.3,916.7,0,0,0,0,1,0
00:13.6,842.6,913.9,0,0,0,0,1,0
00:13.7,839.8,913.9,0,0,0,0,1,0
00:13.8,837.1,911.2,0,0,0,0,1,0
00:13.8,834.3,911.2,0,0,0,0,1,0
00:13.9,828.8,908.4,0,0,0,0,1,0
00:14.0,823.3,908.4,0,0,0,0,1,0
00:14.0,820.6,905.7,0,0,0,0,1,0
00:14.1,815.1,905.7,0,0,0,0,1,0
00:14.2,812.4,905.7,0,0,0,0,1,0
00:14.2,809.6,902.9,0,0,0,0,1,0
00:14.3,804.1,902.9,0,0,0,0,1,0
00:14.4,798.6,900.2,0,0,0,0,1,0
00:14.4,790.4,900.2,0,0,0,0,1,0
00:14.5,787.7,897.4,0,0,0,0,1,0
00:14.6,782.2,897.4,0,0,0,0,1,0
00:14.6,776.7,894.7,0,0,0,0,1,0
00:14.7,773.9,889.2,0,0,0,0,1,0
00:14.8,773.9,886.5,0,0,0,0,1,0
00:14.8,768.5,881,0,0,0,0,1,0
00:14.9,763,881,0,0,0,0,1,0
00:15.0,760.2,878.2,0,0,0,0,1,0
00:15.0,757.5,875.5,0,0,0,0,1,0
00:15.1,752,870,0,0,0,0,1,0
00:15.2,743.8,867.3,0,0,0,0,1,0
00:15.2,738.3,861.8,0,0,0,0,1,0
00:15.3,735.5,859,0,0,0,0,1,0
00:15.4,727.3,853.5,0,0,0,0,1,0
00:15.4,724.5,848,0,0,0,0,1,0
00:15.5,716.3,842.6,0,0,0,0,1,0
00:15.6,710.8,837.1,0,0,0,0,1,0
00:15.6,702.6,831.6,0,0,0,0,1,0
00:15.7,697.1,823.3,0,0,0,0,1,0
00:15.8,691.6,815.1,0,0,0,0,1,0
00:15.8,683.4,804.1,0,0,0,0,1,0
00:15.9,680.6,795.9,0,0,0,0,1,0
00:16.0,675.1,787.7,0,0,0,0,1,0
00:16.0,672.4,779.4,0,0,0,0,1,0
00:16.1,666.9,773.9,0,0,0,0,1,0
00:16.2,658.7,765.7,0,0,0,0,1,0
00:16.2,650.4,757.5,0,0,0,0,1,0
00:16.3,647.7,749.2,0,0,0,0,1,0
00:16.4,645,743.8,0,0,0,0,1,0
00:16.4,642.2,735.5,0,0,0,0,1,0
00:16.5,636.7,727.3,0,0,0,0,1,0
00:16.6,636.7,721.8,0,0,0,0,1,0
00:16.6,636.7,716.3,0,0,0,0,1,0
00:16.7,634,710.8,0,0,0,0,1,0
00:16.8,631.2,705.3,0,0,0,0,1,0
00:16.8,625.7,697.1,0,0,0,0,1,0
00:16.9,623,691.6,0,0,0,0,1,0
00:17.0,623,688.9,0,0,0,0,1,0
00:17.0,620.3,683.4,0,0,0,0,1,0
00:17.1,617.5,675.1,0,0,0,0,1,0
00:17.2,617.5,666.9,0,0,0,0,1,0
00:17.2,617.5,664.2,0,0,0,0,1,0
00:17.3,617.5,661.4,0,0,0,0,1,0
00:17.4,620.3,658.7,0,0,0,0,1,0
00:17.4,620.3,653.2,0,0,0,0,1,0
00:17.5,620.3,647.7,0,0,0,0,1,0
00:17.6,620.3,647.7,0,0,0,0,1,0
00:17.6,623,642.2,0,0,0,0,1,0
00:17.7,620.3,636.7,0,0,0,0,1,0
00:17.8,623,634,0,0,0,0,1,0
00:17.8,623,631.2,0,0,0,0,1,0
00:17.9,623,628.5,0,0,0,0,1,0
00:18.0,617.5,623,0,0,0,0,1,0
00:18.0,614.8,617.5,0,0,0,0,1,0
00:18.1,612,614.8,0,0,0,0,1,0
00:18.2,609.3,612,0,0,0,0,1,0
00:18.2,609.3,606.5,0,0,0,0,1,0
00:18.3,606.5,601,0,0,0,0,1,0
00:18.4,609.3,598.3,0,0,0,0,1,0
00:18.4,609.3,598.3,0,0,0,0,1,0
00:18.5,612,595.6,0,0,0,0,1,0
00:18.6,614.8,592.8,0,0,0,0,1,0
00:18.6,614.8,592.8,0,0,0,0,1,0
00:18.7,617.5,590.1,0,0,0,0,1,0
00:18.8,617.5,587.3,0,0,0,0,1,0
00:18.8,617.5,581.8,0,0,0,0,1,0
00:18.9,617.5,576.3,0,0,0,1,0,0
00:18.9,617.5,576.3,0,0,0,1,0,0
00:19.0,617.5,576.3,0,0,0,1,0,0
00:19.1,614.8,570.9,0,0,0,1,0,0
00:19.1,614.8,565.4,0,0,0,1,0,0
00:19.2,614.8,562.6,0,0,0,1,0,0
00:19.3,612,557.1,0,0,0,1,0,0
00:19.3,612,551.6,0,0,0,1,0,0
00:19.4,614.8,548.9,0,0,0,1,0,0
00:19.5,614.8,548.9,0,0,0,1,0,0
00:19.5,617.5,546.2,0,0,0,1,0,0
00:19.6,620.3,546.2,0,0,0,1,0,0
00:19.7,620.3,546.2,0,0,0,1,0,0
00:19.7,620.3,543.4,0,0,0,1,0,0
00:19.8,623,540.7,0,0,0,1,0,0
00:19.9,625.7,540.7,0,0,0,1,0,0
00:19.9,625.7,537.9,0,0,0,1,0,0
00:20.0,628.5,537.9,0,0,0,1,0,0
00:20.1,628.5,535.2,0,0,0,1,0,0
00:20.1,628.5,535.2,0,0,0,1,0,0
00:20.2,631.2,535.2,0,0,0,1,0,0
00:20.3,631.2,535.2,0,0,0,1,0,0
00:20.3,631.2,532.4,0,0,0,1,0,0
00:20.4,631.2,529.7,0,0,0,1,0,0
00:20.5,634,529.7,0,0,0,1,0,0
00:20.5,634,526.9,0,0,0,1,0,0
00:20.6,634,526.9,0,0,0,1,0,0
00:20.7,634,524.2,0,0,0,1,0,0
00:20.7,636.7,524.2,0,0,0,1,0,0
00:20.8,636.7,521.5,0,0,0,1,0,0
00:20.9,636.7,521.5,0,0,0,1,0,0
00:20.9,636.7,521.5,0,0,0,1,0,0
00:21.0,636.7,518.7,0,0,0,1,0,0
00:21.1,636.7,518.7,0,0,0,1,0,0
00:21.1,636.7,518.7,0,0,0,1,0,0
00:21.2,639.5,516,0,0,0,1,0,0
00:21.3,639.5,516,0,0,0,1,0,0
00:21.3,636.7,516,0,0,0,1,0,0
00:21.4,639.5,513.2,0,0,0,1,0,0
00:21.5,639.5,510.5,0,0,0,1,0,0
00:21.5,639.5,507.7,0,0,0,1,0,0
00:21.6,639.5,505,0,0,0,1,0,0
00:21.7,639.5,505,0,0,0,1,0,0
00:21.7,639.5,502.2,0,0,0,1,0,0
00:21.8,639.5,499.5,0,0,0,1,0,0
00:21.9,636.7,496.8,0,0,0,1,0,0
00:21.9,636.7,491.3,0,0,0,1,0,0
00:22.0,634,485.8,0,0,0,1,0,0
00:22.1,631.2,483,0,0,0,1,0,0
00:22.1,631.2,480.3,0,0,0,1,0,0
00:22.2,634,477.5,0,0,0,1,0,0
00:22.3,634,477.5,0,0,0,1,0,0
00:22.3,636.7,474.8,0,0,0,1,0,0
00:22.4,636.7,474.8,0,0,0,1,0,0
00:22.5,636.7,472.1,0,0,0,1,0,0
00:22.5,639.5,472.1,0,0,0,1,0,0
00:22.6,639.5,472.1,0,0,0,1,0,0
00:22.7,642.2,469.3,0,0,0,1,0,0
00:22.7,642.2,469.3,0,0,0,1,0,0
00:22.8,645,466.6,0,0,0,1,0,0
00:22.9,645,463.8,0,0,0,1,0,0
00:22.9,645,461.1,0,0,0,1,0,0
00:23.0,647.7,461.1,0,0,0,1,0,0
00:23.1,647.7,458.3,0,0,0,1,0,0
00:23.1,650.4,458.3,0,0,0,1,0,0
00:23.2,650.4,455.6,0,0,0,1,0,0
00:23.3,650.4,452.8,0,0,0,1,0,0
00:23.3,650.4,447.4,0,0,0,1,0,0
00:23.4,650.4,444.6,0,0,0,1,0,0
00:23.5,653.2,441.9,0,0,0,1,0,0
00:23.5,653.2,439.1,0,0,0,1,0,0
00:23.6,653.2,433.6,0,0,0,1,0,0
00:23.7,655.9,430.9,0,0,0,1,0,0
00:23.7,655.9,425.4,0,0,0,1,0,0
00:23.8,655.9,422.6,0,0,0,1,0,0
00:23.9,658.7,417.2,0,0,0,1,0,0
00:23.9,658.7,414.4,0,0,0,1,0,0
00:24.0,658.7,408.9,0,0,0,1,0,0
00:24.1,661.4,403.4,0,0,0,1,0,0
00:24.1,661.4,400.7,0,0,0,1,0,0
00:24.2,664.2,392.5,0,0,0,1,0,0
00:24.3,666.9,389.7,0,0,0,1,0,0
00:24.3,669.7,387,0,0,0,1,0,0
00:24.4,672.4,381.5,0,0,0,1,0,0
00:24.5,672.4,376,0,0,0,1,0,0
00:24.5,675.1,373.2,0,0,0,1,0,0
00:24.6,677.9,370.5,0,0,0,1,0,0
00:24.7,677.9,367.8,0,0,0,1,0,0
00:24.7,680.6,367.8,0,0,0,1,0,0
00:24.8,680.6,365,0,0,0,1,0,0
00:24.9,683.4,365,0,0,0,1,0,0
00:24.9,683.4,362.3,0,0,0,1,0,0
00:25.0,686.1,362.3,0,0,0,1,0,0
00:25.1,688.9,359.5,0,0,0,1,0,0
00:25.1,688.9,359.5,0,0,0,1,0,0
00:25.2,691.6,359.5,0,0,0,1,0,0
00:25.3,691.6,359.5,0,0,0,1,0,0
00:25.3,694.4,356.8,0,0,0,1,0,0
00:25.4,694.4,356.8,0,0,0,1,0,0
00:25.5,697.1,351.3,0,0,0,1,0,0
00:25.5,697.1,351.3,0,0,0,1,0,0
00:25.6,699.8,348.5,0,0,0,1,0,0
00:25.7,702.6,345.8,0,0,0,1,0,0
00:25.7,705.3,343.1,0,0,0,1,0,0
00:25.8,708.1,340.3,0,0,0,1,0,0
00:25.9,710.8,334.8,0,0,0,1,0,0
00:25.9,713.6,332.1,0,0,0,1,0,0
00:26.0,716.3,329.3,0,0,0,1,0,0
00:26.1,719.1,326.6,0,0,0,1,0,0
00:26.1,721.8,326.6,0,0,0,1,0,0
00:26.2,724.5,323.8,0,0,0,1,0,0
00:26.3,724.5,321.1,0,0,0,1,0,0
00:26.3,727.3,318.4,0,0,0,1,0,0
00:26.4,730,315.6,0,0,0,1,0,0
00:26.5,732.8,315.6,0,0,0,1,0,0
00:26.5,735.5,312.9,0,0,0,1,0,0
00:26.6,738.3,310.1,0,0,0,1,0,0
00:26.7,741,307.4,0,0,0,1,0,0
00:26.7,743.8,301.9,0,0,0,1,0,0
00:26.8,746.5,299.1,0,0,0,1,0,0
00:26.9,749.2,296.4,0,0,0,1,0,0
00:26.9,752,296.4,0,0,0,1,0,0
00:27.0,754.7,293.7,0,0,0,1,0,0
00:27.1,760.2,288.2,0,0,0,1,0,0
00:27.1,763,285.4,0,0,0,1,0,0
00:27.2,765.7,285.4,0,0,0,1,0,0
00:27.3,768.5,282.7,0,0,0,1,0,0
00:27.3,768.5,282.7,0,0,0,1,0,0
00:27.4,771.2,282.7,0,0,0,1,0,0
00:27.5,776.7,279.9,0,0,0,1,0,0
00:27.5,779.4,279.9,0,0,0,1,0,0
00:27.6,782.2,277.2,0,0,0,1,0,0
00:27.7,787.7,274.4,0,0,0,1,0,0
00:27.7,790.4,274.4,0,0,0,1,0,0
00:27.8,793.2,271.7,0,0,0,1,0,0
00:27.9,798.6,271.7,0,0,0,1,0,0
00:27.9,801.4,269,0,0,0,1,0,0
00:28.0,806.9,263.5,0,0,0,1,0,0
00:28.1,809.6,260.7,0,0,0,1,0,0
00:28.1,812.4,258,0,0,0,1,0,0
00:28.2,815.1,255.2,0,0,0,1,0,0
00:28.3,817.9,252.5,0,0,0,1,0,0
00:28.3,823.3,252.5,0,0,0,1,0,0
00:28.4,826.1,252.5,0,0,0,1,0,0
00:28.5,828.8,249.7,0,0,0,1,0,0
00:28.5,834.3,249.7,0,0,0,1,0,0
00:28.6,837.1,247,0,0,0,1,0,0
00:28.7,839.8,244.3,0,0,0,1,0,0
00:28.7,845.3,244.3,0,0,0,1,0,0
00:28.8,848,241.5,0,0,0,1,0,0
00:28.9,850.8,241.5,0,0,0,1,0,0
00:28.9,853.5,241.5,0,0,0,1,0,0
00:29.0,856.3,236,0,0,0,1,0,0
00:29.1,859,236,0,0,0,1,0,0
00:29.1,861.8,236,0,0,0,1,0,0
00:29.2,867.3,233.3,0,0,0,1,0,0
00:29.3,870,233.3,0,0,0,1,0,0
00:29.3,872.7,230.5,0,0,0,1,0,0
00:29.4,878.2,227.8,0,0,0,1,0,0
00:29.5,881,227.8,0,0,0,1,0,0
00:29.5,886.5,227.8,0,0,0,1,0,0
00:29.6,889.2,227.8,0,0,0,1,0,0
00:29.7,894.7,227.8,0,0,0,1,0,0
00:29.7,900.2,225,0,0,0,1,0,0
00:29.8,902.9,227.8,0,0,0,1,0,0
00:29.9,908.4,225,0,0,0,1,0,0
00:29.9,911.2,225,0,0,0,1,0,0
00:30.0,916.7,225,0,0,0,1,0,0
00:30.1,922.1,222.3,0,0,0,1,0,0
00:30.1,924.9,222.3,0,0,0,1,0,0
00:30.2,930.4,222.3,0,0,0,1,0,0
00:30.3,935.9,222.3,0,0,0,1,0,0
00:30.3,938.6,222.3,0,0,0,1,0,0
00:30.4,944.1,222.3,0,0,0,1,0,0
00:30.5,946.8,219.6,0,0,0,1,0,0
00:30.5,952.3,219.6,0,0,0,1,0,0
00:30.6,955.1,216.8,0,0,0,1,0,0
00:30.7,960.6,216.8,0,0,0,1,0,0
00:30.7,966.1,216.8,0,0,0,1,0,0
00:30.8,971.5,216.8,0,0,0,1,0,0
00:30.9,977,214.1,0,0,0,1,0,0
00:30.9,982.5,214.1,0,0,0,1,0,0
00:31.0,985.3,214.1,0,1,0,0,0,0
00:31.0,985.3,214.1,0,1,0,0,0,0
00:31.1,988,211.3,0,1,0,0,0,0
00:31.2,993.5,211.3,0,1,0,0,0,0
00:31.2,999,211.3,0,1,0,0,0,0
00:31.3,1001.7,211.3,0,1,0,0,0,0
00:31.4,1007.2,214.1,0,1,0,0,0,0
00:31.4,1010,214.1,0,1,0,0,0,0
00:31.5,1012.7,216.8,0,1,0,0,0,0
00:31.6,1018.2,216.8,0,1,0,0,0,0
00:31.6,1020.9,216.8,0,1,0,0,0,0
00:31.7,1026.4,216.8,0,1,0,0,0,0
00:31.8,1026.4,219.6,0,1,0,0,0,0
00:31.8,1031.9,219.6,0,1,0,0,0,0
00:31.9,1034.7,219.6,0,1,0,0,0,0
00:32.0,1040.2,222.3,0,1,0,0,0,0
00:32.0,1042.9,222.3,0,1,0,0,0,0
00:32.1,1048.4,222.3,0,1,0,0,0,0
00:32.2,1051.1,222.3,0,1,0,0,0,0
00:32.2,1053.9,225,0,1,0,0,0,0
00:32.3,1059.4,225,0,1,0,0,0,0
00:32.4,1062.1,227.8,0,1,0,0,0,0
00:32.4,1064.9,227.8,0,1,0,0,0,0
00:32.5,1070.3,227.8,0,1,0,0,0,0
00:32.6,1070.3,227.8,0,1,0,0,0,0
00:32.6,1073.1,227.8,0,1,0,0,0,0
00:32.7,1078.6,227.8,0,1,0,0,0,0
00:32.8,1081.3,230.5,0,1,0,0,0,0
00:32.8,1086.8,230.5,0,1,0,0,0,0
00:32.9,1089.6,233.3,0,1,0,0,0,0
00:33.0,1095,233.3,0,1,0,0,0,0
00:33.0,1097.8,236,0,1,0,0,0,0
00:33.1,1103.3,238.8,0,1,0,0,0,0
00:33.2,1108.8,238.8,0,1,0,0,0,0
00:33.2,1111.5,241.5,0,1,0,0,0,0
00:33.3,1114.3,241.5,0,1,0,0,0,0
00:33.4,1117,244.3,0,1,0,0,0,0
00:33.4,1119.7,247,0,1,0,0,0,0
00:33.5,1122.5,247,0,1,0,0,0,0
00:33.6,1125.2,249.7,0,1,0,0,0,0
00:33.6,1128,249.7,0,1,0,0,0,0
00:33.7,1130.7,249.7,0,1,0,0,0,0
00:33.8,1133.5,252.5,0,1,0,0,0,0
00:33.8,1133.5,252.5,0,1,0,0,0,0
00:33.9,1136.2,252.5,0,1,0,0,0,0
00:34.0,1139,255.2,0,1,0,0,0,0
00:34.0,1141.7,255.2,0,1,0,0,0,0
00:34.1,1141.7,255.2,0,1,0,0,0,0
00:34.2,1144.4,258,0,1,0,0,0,0
00:34.2,1149.9,258,0,1,0,0,0,0
00:34.3,1152.7,260.7,0,1,0,0,0,0
00:34.4,1155.4,260.7,0,1,0,0,0,0
00:34.4,1158.2,263.5,0,1,0,0,0,0
00:34.5,1160.9,263.5,0,1,0,0,0,0
00:34.6,1163.7,266.2,0,1,0,0,0,0
00:34.6,1169.1,266.2,0,1,0,0,0,0
00:34.7,1174.6,269,0,1,0,0,0,0
00:34.8,1180.1,271.7,0,1,0,0,0,0
00:34.8,1182.9,271.7,0,1,0,0,0,0
00:34.9,1188.4,274.4,0,1,0,0,0,0
00:35.0,1191.1,277.2,0,1,0,0,0,0
00:35.0,1196.6,279.9,0,1,0,0,0,0
00:35.1,1202.1,282.7,0,1,0,0,0,0
00:35.2,1204.8,285.4,0,1,0,0,0,0
00:35.2,1210.3,285.4,0,1,0,0,0,0
00:35.3,1215.8,290.9,0,1,0,0,0,0
00:35.4,1218.5,293.7,0,1,0,0,0,0
00:35.4,1224,296.4,0,1,0,0,0,0
00:35.5,1226.8,299.1,0,1,0,0,0,0
00:35.6,1229.5,301.9,0,1,0,0,0,0
00:35.6,1235,304.6,0,1,0,0,0,0
00:35.7,1237.8,310.1,0,1,0,0,0,0
00:35.8,1240.5,312.9,0,1,0,0,0,0
00:35.8,1243.2,315.6,0,1,0,0,0,0
00:35.9,1246,318.4,0,1,0,0,0,0
00:36.0,1246,321.1,0,1,0,0,0,0
00:36.0,1248.7,323.8,0,1,0,0,0,0
00:36.1,1251.5,329.3,0,1,0,0,0,0
00:36.2,1257,332.1,0,1,0,0,0,0
00:36.2,1259.7,334.8,0,1,0,0,0,0
00:36.3,1262.5,340.3,0,1,0,0,0,0
00:36.4,1265.2,343.1,0,1,0,0,0,0
00:36.4,1270.7,345.8,0,1,0,0,0,0
00:36.5,1273.4,351.3,0,1,0,0,0,0
00:36.6,1276.2,354,0,1,0,0,0,0
00:36.6,1278.9,356.8,0,1,0,0,0,0
00:36.7,1281.7,359.5,0,1,0,0,0,0
00:36.8,1287.2,362.3,0,1,0,0,0,0
00:36.8,1289.9,365,0,1,0,0,0,0
00:36.9,1289.9,367.8,0,1,0,0,0,0
00:37.0,1292.6,373.2,0,1,0,0,0,0
00:37.0,1295.4,376,0,1,0,0,0,0
00:37.1,1298.1,378.7,0,1,0,0,0,0
00:37.2,1298.1,384.2,0,1,0,0,0,0
00:37.2,1300.9,387,0,1,0,0,0,0
00:37.3,1303.6,392.5,0,1,0,0,0,0
00:37.4,1303.6,395.2,0,1,0,0,0,0
00:37.4,1306.4,400.7,0,1,0,0,0,0
00:37.5,1306.4,403.4,0,1,0,0,0,0
00:37.6,1306.4,408.9,0,1,0,0,0,0
00:37.6,1306.4,411.7,0,1,0,0,0,0
00:37.7,1306.4,417.2,0,1,0,0,0,0
00:37.8,1309.1,419.9,0,1,0,0,0,0
00:37.8,1309.1,425.4,0,1,0,0,0,0
00:37.9,1309.1,428.1,0,1,0,0,0,0
00:38.0,1311.9,433.6,0,1,0,0,0,0
00:38.0,1311.9,436.4,0,1,0,0,0,0
00:38.1,1311.9,441.9,0,1,0,0,0,0
00:38.2,1314.6,444.6,0,1,0,0,0,0
00:38.2,1317.4,447.4,0,1,0,0,0,0
00:38.3,1320.1,452.8,0,1,0,0,0,0
00:38.4,1322.8,458.3,0,1,0,0,0,0
00:38.4,1325.6,463.8,0,1,0,0,0,0
00:38.5,1328.3,466.6,0,1,0,0,0,0
00:38.6,1333.8,472.1,0,1,0,0,0,0
00:38.6,1333.8,477.5,0,1,0,0,0,0
00:38.7,1339.3,483,0,1,0,0,0,0
00:38.8,1342.1,485.8,0,1,0,0,0,0
00:38.8,1347.5,491.3,0,1,0,0,0,0
00:38.9,1347.5,494,0,1,0,0,0,0
00:39.0,1353,499.5,0,1,0,0,0,0
00:39.0,1353,502.2,0,1,0,0,0,0
00:39.1,1353,507.7,0,1,0,0,0,0
00:39.2,1353,507.7,0,1,0,0,0,0
00:39.2,1353,513.2,0,1,0,0,0,0
00:39.3,1350.3,516,0,1,0,0,0,0
00:39.4,1350.3,518.7,0,1,0,0,0,0
00:39.4,1350.3,524.2,0,1,0,0,0,0
00:39.5,1350.3,526.9,0,1,0,0,0,0
00:39.6,1350.3,532.4,0,1,0,0,0,0
00:39.6,1350.3,535.2,0,1,0,0,0,0
00:39.7,1350.3,537.9,0,1,0,0,0,0
00:39.8,1353,543.4,0,1,0,0,0,0
00:39.8,1353,548.9,0,1,0,0,0,0
00:39.9,1355.8,554.4,0,1,0,0,0,0
00:40.0,1355.8,559.9,0,1,0,0,0,0
00:40.0,1358.5,568.1,0,1,0,0,0,0
00:40.1,1361.3,573.6,0,1,0,0,0,0
00:40.2,1361.3,576.3,0,1,0,0,0,0
00:40.2,1364,579.1,0,1,0,0,0,0
00:40.3,1364,584.6,0,0,1,0,0,0
00:40.3,1364,587.3,0,0,1,0,0,0
00:40.4,1364,592.8,0,0,1,0,0,0
00:40.5,1364,598.3,0,0,1,0,0,0
00:40.5,1361.3,603.8,0,0,1,0,0,0
00:40.6,1361.3,609.3,0,0,1,0,0,0
00:40.7,1361.3,612,0,0,1,0,0,0
00:40.7,1358.5,617.5,0,0,1,0,0,0
00:40.8,1358.5,620.3,0,0,1,0,0,0
00:40.9,1358.5,625.7,0,0,1,0,0,0
00:40.9,1355.8,631.2,0,0,1,0,0,0
00:41.0,1355.8,634,0,0,1,0,0,0
00:41.1,1355.8,639.5,0,0,1,0,0,0
00:41.1,1355.8,645,0,0,1,0,0,0
00:41.2,1353,650.4,0,0,1,0,0,0
00:41.3,1353,655.9,0,0,1,0,0,0
00:41.3,1353,661.4,0,0,1,0,0,0
00:41.4,1350.3,664.2,0,0,1,0,0,0
00:41.5,1350.3,669.7,0,0,1,0,0,0
00:41.5,1350.3,677.9,0,0,1,0,0,0
00:41.6,1347.5,683.4,0,0,1,0,0,0
00:41.7,1347.5,688.9,0,0,1,0,0,0
00:41.7,1344.8,694.4,0,0,1,0,0,0
00:41.8,1344.8,699.8,0,0,1,0,0,0
00:41.9,1342.1,705.3,0,0,1,0,0,0
00:41.9,1342.1,708.1,0,0,1,0,0,0
00:42.0,1339.3,713.6,0,0,1,0,0,0
00:42.1,1336.6,721.8,0,0,1,0,0,0
00:42.1,1333.8,727.3,0,0,1,0,0,0
00:42.2,1333.8,732.8,0,0,1,0,0,0
00:42.3,1331.1,735.5,0,0,1,0,0,0
00:42.3,1328.3,738.3,0,0,1,0,0,0
00:42.4,1325.6,743.8,0,0,1,0,0,0
00:42.5,1322.8,749.2,0,0,1,0,0,0
00:42.5,1320.1,752,0,0,1,0,0,0
00:42.6,1317.4,754.7,0,0,1,0,0,0
00:42.7,1314.6,760.2,0,0,1,0,0,0
00:42.7,1311.9,765.7,0,0,1,0,0,0
00:42.8,1309.1,768.5,0,0,1,0,0,0
00:42.9,1306.4,773.9,0,0,1,0,0,0
00:42.9,1303.6,779.4,0,0,1,0,0,0
00:43.0,1298.1,784.9,0,0,1,0,0,0
00:43.1,1295.4,787.7,0,0,1,0,0,0
00:43.1,1292.6,793.2,0,0,1,0,0,0
00:43.2,1289.9,793.2,0,0,1,0,0,0
00:43.3,1289.9,798.6,0,0,1,0,0,0
00:43.3,1287.2,804.1,0,0,1,0,0,0
00:43.4,1284.4,806.9,0,0,1,0,0,0
00:43.5,1278.9,809.6,0,0,1,0,0,0
00:43.5,1278.9,815.1,0,0,1,0,0,0
00:43.6,1273.4,820.6,0,0,1,0,0,0
00:43.7,1270.7,823.3,0,0,1,0,0,0
00:43.7,1267.9,828.8,0,0,1,0,0,0
00:43.8,1265.2,834.3,0,0,1,0,0,0
00:43.9,1262.5,837.1,0,0,1,0,0,0
00:43.9,1259.7,839.8,0,0,1,0,0,0
00:44.0,1257,845.3,0,0,1,0,0,0
00:44.1,1254.2,848,0,0,1,0,0,0
00:44.1,1248.7,859,0,0,1,0,0,0
00:44.2,1246,864.5,0,0,1,0,0,0
00:44.3,1240.5,867.3,0,0,1,0,0,0
00:44.3,1240.5,870,0,0,1,0,0,0
00:44.4,1235,872.7,0,0,1,0,0,0
00:44.5,1232.3,875.5,0,0,1,0,0,0
00:44.5,1229.5,878.2,0,0,1,0,0,0
00:44.6,1226.8,881,0,0,1,0,0,0
00:44.7,1221.3,881,0,0,1,0,0,0
00:44.7,1215.8,881,0,0,1,0,0,0
00:44.8,1213.1,883.7,0,0,1,0,0,0
00:44.9,1210.3,886.5,0,0,1,0,0,0
00:44.9,1207.6,889.2,0,0,1,0,0,0
00:45.0,1202.1,892,0,0,1,0,0,0
00:45.1,1199.3,892,0,0,1,0,0,0
00:45.1,1196.6,894.7,0,0,1,0,0,0
00:45.2,1191.1,900.2,0,0,1,0,0,0
00:45.3,1188.4,900.2,0,0,1,0,0,0
00:45.3,1180.1,905.7,0,0,1,0,0,0
00:45.4,1177.4,908.4,0,0,1,0,0,0
00:45.5,1171.9,911.2,0,0,1,0,0,0
00:45.5,1166.4,913.9,0,0,1,0,0,0
00:45.6,1163.7,916.7,0,0,1,0,0,0
00:45.7,1158.2,919.4,0,0,1,0,0,0
00:45.7,1155.4,922.1,0,0,1,0,0,0
00:45.8,1152.7,922.1,0,0,1,0,0,0
00:45.9,1147.2,924.9,0,0,1,0,0,0
00:45.9,1141.7,924.9,0,0,1,0,0,0
00:46.0,1136.2,927.6,0,0,1,0,0,0
00:46.1,1130.7,930.4,0,0,1,0,0,0
00:46.1,1128,933.1,0,0,1,0,0,0
00:46.2,1122.5,933.1,0,0,1,0,0,0
00:46.3,1119.7,935.9,0,0,1,0,0,0
00:46.3,1114.3,938.6,0,0,1,0,0,0
00:46.4,1111.5,938.6,0,0,1,0,0,0
00:46.5,1108.8,938.6,0,0,1,0,0,0
00:46.5,1103.3,938.6,0,0,1,0,0,0
00:46.6,1100.5,941.4,0,0,1,0,0,0
00:46.7,1097.8,941.4,0,0,1,0,0,0
00:46.7,1089.6,941.4,0,0,1,0,0,0
00:46.8,1086.8,941.4,0,0,1,0,0,0
00:46.9,1084.1,944.1,0,0,1,0,0,0
00:46.9,1078.6,944.1,0,0,1,0,0,0
00:47.0,1073.1,944.1,0,0,1,0,0,0
00:47.1,1070.3,946.8,0,0,1,0,0,0
00:47.1,1064.9,949.6,0,0,1,0,0,0
00:47.2,1062.1,949.6,0,0,1,0,0,0
00:47.3,1056.6,949.6,0,0,1,0,0,0
00:47.3,1051.1,952.3,0,0,1,0,0,0
00:47.4,1045.6,955.1,0,0,1,0,0,0
00:47.5,1042.9,955.1,0,0,1,0,0,0
00:47.5,1034.7,955.1,0,0,1,0,0,0
00:47.6,1031.9,957.8,0,0,1,0,0,0
00:47.7,1026.4,957.8,0,0,1,0,0,0
00:47.7,1023.7,960.6,0,0,1,0,0,0
00:47.8,1020.9,957.8,0,0,1,0,0,0
00:47.9,1015.5,960.6,0,0,1,0,0,0
00:47.9,1012.7,960.6,0,0,1,0,0,0
00:48.0,1007.2,960.6,0,0,1,0,0,0
00:48.1,1001.7,960.6,0,0,1,0,0,0
00:48.1,999,960.6,0,0,1,0,0,0
00:48.2,996.2,960.6,0,0,1,0,0,0
00:48.3,990.8,957.8,0,0,1,0,0,0
00:48.3,985.3,957.8,0,0,1,0,0,0
00:48.4,985.3,957.8,0,0,1,0,0,0
00:48.5,982.5,957.8,0,0,0,0,1,0
00:48.5,979.8,957.8,0,0,0,0,1,0
00:48.6,977,957.8,0,0,0,0,1,0
00:48.6,971.5,955.1,0,0,0,0,1,0
00:48.7,966.1,955.1,0,0,0,0,1,0
00:48.8,963.3,955.1,0,0,0,0,1,0
00:48.8,957.8,955.1,0,0,0,0,1,0
00:48.9,955.1,955.1,0,0,0,0,1,0
00:49.0,949.6,952.3,0,0,0,0,1,0
00:49.0,946.8,952.3,0,0,0,0,1,0
00:49.1,944.1,952.3,0,0,0,0,1,0
00:49.2,941.4,952.3,0,0,0,0,1,0
00:49.2,935.9,952.3,0,0,0,0,1,0
00:49.3,933.1,949.6,0,0,0,0,1,0
00:49.4,927.6,949.6,0,0,0,0,1,0
00:49.4,924.9,949.6,0,0,0,0,1,0
00:49.5,919.4,949.6,0,0,0,0,1,0
00:49.6,913.9,949.6,0,0,0,0,1,0
00:49.6,911.2,946.8,0,0,0,0,1,0
00:49.7,902.9,946.8,0,0,0,0,1,0
00:49.8,900.2,946.8,0,0,0,0,1,0
00:49.8,897.4,944.1,0,0,0,0,1,0
00:49.9,892,944.1,0,0,0,0,1,0
00:50.0,886.5,941.4,0,0,0,0,1,0
00:50.0,881,941.4,0,0,0,0,1,0
00:50.1,878.2,941.4,0,0,0,0,1,0
00:50.2,872.7,938.6,0,0,0,0,1,0
00:50.2,867.3,935.9,0,0,0,0,1,0
00:50.3,864.5,935.9,0,0,0,0,1,0
00:50.4,859,933.1,0,0,0,0,1,0
00:50.4,856.3,933.1,0,0,0,0,1,0
00:50.5,853.5,930.4,0,0,0,0,1,0
00:50.6,850.8,930.4,0,0,0,0,1,0
00:50.6,848,927.6,0,0,0,0,1,0
00:50.7,842.6,924.9,0,0,0,0,1,0
00:50.8,839.8,924.9,0,0,0,0,1,0
00:50.8,837.1,924.9,0,0,0,0,1,0
00:50.9,831.6,922.1,0,0,0,0,1,0
00:51.0,826.1,919.4,0,0,0,0,1,0
00:51.0,823.3,916.7,0,0,0,0,1,0
00:51.1,820.6,913.9,0,0,0,0,1,0
00:51.2,817.9,911.2,0,0,0,0,1,0
00:51.2,815.1,908.4,0,0,0,0,1,0
00:51.3,812.4,905.7,0,0,0,0,1,0
00:51.4,809.6,905.7,0,0,0,0,1,0
00:51.4,809.6,902.9,0,0,0,0,1,0
00:51.5,804.1,900.2,0,0,0,0,1,0
00:51.6,801.4,897.4,0,0,0,0,1,0
00:51.6,801.4,894.7,0,0,0,0,1,0
00:51.7,795.9,892,0,0,0,0,1,0
00:51.8,793.2,889.2,0,0,0,0,1,0
00:51.8,790.4,886.5,0,0,0,0,1,0
00:51.9,787.7,883.7,0,0,0,0,1,0
00:52.0,784.9,881,0,0,0,0,1,0
00:52.0,779.4,881,0,0,0,0,1,0
00:52.1,776.7,878.2,0,0,0,0,1,0
00:52.2,771.2,875.5,0,0,0,0,1,0
00:52.2,765.7,872.7,0,0,0,0,1,0
00:52.3,760.2,867.3,0,0,0,0,1,0
00:52.4,752,861.8,0,0,0,0,1,0
00:52.4,746.5,859,0,0,0,0,1,0
00:52.5,735.5,853.5,0,0,0,0,1,0
00:52.6,727.3,845.3,0,0,0,0,1,0
00:52.6,719.1,839.8,0,0,0,0,1,0
00:52.7,713.6,834.3,0,0,0,0,1,0
00:52.8,708.1,823.3,0,0,0,0,1,0
00:52.8,699.8,801.4,0,0,0,0,1,0
00:52.9,697.1,787.7,0,0,0,0,1,0
00:53.0,691.6,771.2,0,0,0,0,1,0
00:53.0,686.1,757.5,0,0,0,0,1,0
00:53.1,683.4,743.8,0,0,0,0,1,0
00:53.2,683.4,730,0,0,0,0,1,0
00:53.2,680.6,716.3,0,0,0,0,1,0
00:53.3,680.6,705.3,0,0,0,0,1,0
00:53.4,686.1,697.1,0,0,0,0,1,0
00:53.4,691.6,688.9,0,0,0,0,1,0
00:53.5,699.8,683.4,0,0,0,0,1,0
00:53.6,705.3,677.9,0,0,0,0,1,0
00:53.6,716.3,675.1,0,0,0,0,1,0
00:53.7,724.5,672.4,0,0,0,0,1,0
00:53.8,732.8,672.4,0,0,0,0,1,0
00:53.8,743.8,675.1,0,0,0,0,1,0
00:53.9,754.7,677.9,0,0,0,0,1,0
00:54.0,768.5,683.4,0,0,0,0,1,0
00:54.0,773.9,691.6,0,0,0,0,1,0
00:54.1,784.9,699.8,0,0,0,0,1,0
00:54.2,790.4,708.1,0,0,0,0,1,0
00:54.2,795.9,721.8,0,0,0,0,1,0
00:54.3,798.6,732.8,0,0,0,0,1,0
00:54.4,795.9,746.5,0,0,0,0,1,0
00:54.4,793.2,757.5,0,0,0,0,1,0
00:54.5,787.7,768.5,0,0,0,0,1,0
00:54.6,779.4,779.4,0,0,0,0,1,0
00:54.6,768.5,784.9,0,0,0,0,1,0
00:54.7,760.2,793.2,0,0,0,0,1,0
00:54.8,749.2,793.2,0,0,0,0,1,0
00:54.8,738.3,795.9,0,0,0,0,1,0
00:54.9,727.3,798.6,0,0,0,0,1,0
00:55.0,719.1,798.6,0,0,0,0,1,0
00:55.0,710.8,795.9,0,0,0,0,1,0
00:55.1,702.6,793.2,0,0,0,0,1,0
00:55.2,697.1,793.2,0,0,0,0,1,0
00:55.2,691.6,790.4,0,0,0,0,1,0
00:55.3,686.1,787.7,0,0,0,0,1,0
00:55.4,680.6,782.2,0,0,0,0,1,0
00:55.4,680.6,779.4,0,0,0,0,1,0
00:55.5,677.9,773.9,0,0,0,0,1,0
00:55.6,675.1,771.2,0,0,0,0,1,0
00:55.6,672.4,768.5,0,0,0,0,1,0
00:55.7,672.4,765.7,0,0,0,0,1,0
00:55.8,669.7,763,0,0,0,0,1,0
00:55.8,669.7,760.2,0,0,0,0,1,0
00:55.9,666.9,757.5,0,0,0,0,1,0
00:56.0,666.9,752,0,0,0,0,1,0
00:56.0,666.9,752,0,0,0,0,1,0
00:56.1,664.2,749.2,0,0,0,0,1,0
00:56.2,664.2,749.2,0,0,0,0,1,0
00:56.2,664.2,746.5,0,0,0,0,1,0
00:56.3,664.2,743.8,0,0,0,0,1,0
00:56.4,664.2,743.8,0,0,0,0,1,0
00:56.4,664.2,741,0,0,0,0,1,0
00:56.5,664.2,738.3,0,0,0,0,1,0
00:56.6,664.2,738.3,0,0,0,0,1,0
00:56.6,661.4,735.5,0,0,0,0,1,0
00:56.7,661.4,735.5,0,0,0,0,1,0
00:56.8,661.4,732.8,0,0,0,0,1,0
00:56.8,661.4,732.8,0,0,0,0,1,0
00:56.9,658.7,732.8,0,0,0,0,1,0
00:57.0,658.7,732.8,0,0,0,0,1,0
00:57.0,658.7,732.8,0,0,0,0,1,0
00:57.1,658.7,732.8,0,0,0,0,1,0
00:57.2,655.9,732.8,0,0,0,0,1,0
00:57.2,655.9,732.8,0,0,0,0,1,0
00:57.3,655.9,732.8,0,0,0,0,1,0
00:57.4,653.2,735.5,0,0,0,0,1,0
00:57.4,653.2,732.8,0,0,0,0,1,0
00:57.5,653.2,735.5,0,0,0,0,1,0
00:57.6,650.4,735.5,0,0,0,0,1,0
00:57.6,650.4,735.5,0,0,0,0,1,0
00:57.7,650.4,732.8,0,0,0,0,1,0
00:57.8,647.7,735.5,0,0,0,0,1,0
00:57.8,647.7,735.5,0,0,0,0,1,0
00:57.9,647.7,735.5,0,0,0,0,1,0
00:58.0,645,735.5,0,0,0,0,1,0
00:58.0,645,735.5,0,0,0,0,1,0
00:58.1,645,735.5,0,0,0,0,1,0
00:58.2,642.2,735.5,0,0,0,0,1,0
00:58.2,642.2,735.5,0,0,0,0,1,0
00:58.3,642.2,735.5,0,0,0,0,1,0
00:58.4,639.5,735.5,0,0,0,0,1,0
00:58.4,639.5,735.5,0,0,0,0,1,0
00:58.5,639.5,735.5,0,0,0,0,1,0
00:58.6,636.7,735.5,0,0,0,0,1,0
00:58.6,636.7,735.5,0,0,0,0,1,0
00:58.7,636.7,735.5,0,0,0,0,1,0
00:58.8,636.7,738.3,0,0,0,0,1,0
00:58.8,636.7,738.3,0,0,0,0,1,0
00:58.9,636.7,738.3,0,0,0,0,1,0
00:59.0,636.7,738.3,0,0,0,0,1,0
00:59.0,636.7,735.5,0,0,0,0,1,0
00:59.1,636.7,730,0,0,0,0,1,0
00:59.2,636.7,724.5,0,0,0,0,1,0
00:59.2,639.5,713.6,0,0,0,0,1,0
00:59.3,642.2,702.6,0,0,0,0,1,0
00:59.4,645,691.6,0,0,0,0,1,0
00:59.4,647.7,680.6,0,0,0,0,1,0
00:59.5,647.7,666.9,0,0,0,0,1,0
00:59.6,647.7,658.7,0,0,0,0,1,0
00:59.6,647.7,645,0,0,0,0,1,0
00:59.7,645,634,0,0,0,0,1,0
00:59.8,645,623,0,0,0,0,1,0
00:59.8,639.5,612,0,0,0,0,1,0
00:59.9,636.7,601,0,0,0,0,1,0
01:00.0,636.7,587.3,0,0,0,0,1,0
